{
    "Brilliant": {
        "precision": 0.7524752475247525,
        "recall": 0.8085106382978723,
        "f1-score": 0.7794871794871795,
        "support": 94.0
    },
    "Cabochon": {
        "precision": 0.9047619047619048,
        "recall": 0.8636363636363636,
        "f1-score": 0.8837209302325582,
        "support": 22.0
    },
    "Mixed": {
        "precision": 0.8314606741573034,
        "recall": 0.8604651162790697,
        "f1-score": 0.8457142857142858,
        "support": 86.0
    },
    "Step": {
        "precision": 0.5454545454545454,
        "recall": 0.3,
        "f1-score": 0.3870967741935484,
        "support": 20.0
    },
    "accuracy": 0.7882882882882883,
    "macro avg": {
        "precision": 0.7585380929746265,
        "recall": 0.7081530295533264,
        "f1-score": 0.724004792406893,
        "support": 222.0
    },
    "weighted avg": {
        "precision": 0.779514162426611,
        "recall": 0.7882882882882883,
        "f1-score": 0.780121708973922,
        "support": 222.0
    }
}