{
    "Cabochon": {
        "precision": 0.9047619047619048,
        "recall": 0.8636363636363636,
        "f1-score": 0.8837209302325582,
        "support": 22.0
    },
    "Cushion": {
        "precision": 0.6538461538461539,
        "recall": 0.68,
        "f1-score": 0.6666666666666666,
        "support": 25.0
    },
    "Emerald": {
        "precision": 0.5454545454545454,
        "recall": 0.3,
        "f1-score": 0.3870967741935484,
        "support": 20.0
    },
    "Marquise": {
        "precision": 1.0,
        "recall": 1.0,
        "f1-score": 1.0,
        "support": 22.0
    },
    "Mixed": {
        "precision": 0.5,
        "recall": 0.5555555555555556,
        "f1-score": 0.5263157894736842,
        "support": 18.0
    },
    "Oval": {
        "precision": 0.5555555555555556,
        "recall": 0.5357142857142857,
        "f1-score": 0.5454545454545454,
        "support": 28.0
    },
    "Pear": {
        "precision": 0.44,
        "recall": 0.4782608695652174,
        "f1-score": 0.4583333333333333,
        "support": 23.0
    },
    "Princess": {
        "precision": 0.8095238095238095,
        "recall": 0.7391304347826086,
        "f1-score": 0.7727272727272727,
        "support": 23.0
    },
    "Radiant": {
        "precision": 0.2727272727272727,
        "recall": 0.3,
        "f1-score": 0.2857142857142857,
        "support": 20.0
    },
    "Round": {
        "precision": 0.7037037037037037,
        "recall": 0.9047619047619048,
        "f1-score": 0.7916666666666666,
        "support": 21.0
    },
    "accuracy": 0.6396396396396397,
    "macro avg": {
        "precision": 0.6385572945572946,
        "recall": 0.6357059414015936,
        "f1-score": 0.6317696264462562,
        "support": 222.0
    },
    "weighted avg": {
        "precision": 0.6427339327339328,
        "recall": 0.6396396396396397,
        "f1-score": 0.6362637556422845,
        "support": 222.0
    }
}