{
    "top_1_accuracy": 0.6396396396396397,
    "top_3_accuracy": 0.7792792792792793
}