{"auth_accuracy": [0.6212121248245239, 0.806526780128479, 0.8321678042411804, 0.8453768491744995, 0.868686854839325, 0.8850038647651672, 0.881895899772644, 0.9013208746910095, 0.9090909361839294, 0.9083139300346375, 0.9118103981018066, 0.9226884245872498, 0.9160839319229126, 0.9261849522590637, 0.9129759073257446, 0.9222999215126038, 0.9257964491844177, 0.9176379442214966, 0.9289044141769409, 0.9324009418487549, 0.9273504018783569, 0.9327894449234009, 0.9273504018783569, 0.9335664510726929, 0.9324009418487549], "auth_loss": [0.9698802828788757, 0.5084999799728394, 0.4342385530471802, 0.3930554986000061, 0.3448258638381958, 0.30925726890563965, 0.29506903886795044, 0.2953757643699646, 0.24997663497924805, 0.25403404235839844, 0.25684359669685364, 0.22524380683898926, 0.2512730062007904, 0.21179577708244324, 0.2316683828830719, 0.22101609408855438, 0.2094876766204834, 0.22944754362106323, 0.21049177646636963, 0.20036593079566956, 0.21189050376415253, 0.19022394716739655, 0.21250879764556885, 0.19828630983829498, 0.18599386513233185], "loss": [4.050908088684082, 2.0421085357666016, 1.6247825622558594, 1.456465482711792, 1.3070882558822632, 1.1357096433639526, 1.119838833808899, 1.086539387702942, 0.9254485964775085, 0.9153732061386108, 0.9217391014099121, 0.8600081205368042, 0.9021676182746887, 0.7849696278572083, 0.8118718266487122, 0.7787131667137146, 0.7643031477928162, 0.7942520380020142, 0.732650876045227, 0.728544294834137, 0.7140448689460754, 0.6963592171669006, 0.7116676568984985, 0.6588057279586792, 0.6478875875473022], "origin_accuracy": [0.6002330780029297, 0.8535353541374207, 0.8885003924369812, 0.8916084170341492, 0.9087024331092834, 0.9102563858032227, 0.9160839319229126, 0.9195803999900818, 0.9335664510726929, 0.9289044141769409, 0.9254079461097717, 0.9351204633712769, 0.9292929172515869, 0.941724956035614, 0.9358974099159241, 0.939782440662384, 0.939393937587738, 0.939393937587738, 0.941724956035614, 0.9440559148788452, 0.9456099271774292, 0.9448329210281372, 0.942501962184906, 0.9440559148788452, 0.9506604671478271], "origin_loss": [1.111327886581421, 0.49348384141921997, 0.37825319170951843, 0.36224493384361267, 0.3096078336238861, 0.2872832715511322, 0.2769929766654968, 0.27471432089805603, 0.22869771718978882, 0.23188191652297974, 0.2388649731874466, 0.2175547480583191, 0.2448812872171402, 0.19263088703155518, 0.20304813981056213, 0.2048875093460083, 0.19929155707359314, 0.20997655391693115, 0.18977072834968567, 0.18783718347549438, 0.18597079813480377, 0.19046682119369507, 0.19765575230121613, 0.1844782531261444, 0.16104784607887268], "stone_accuracy": [0.35508936643600464, 0.6045066118240356, 0.6721056699752808, 0.7043511867523193, 0.7202796936035156, 0.7665112614631653, 0.7668997645378113, 0.7637917399406433, 0.7991452813148499, 0.7972028255462646, 0.8034188151359558, 0.8057498335838318, 0.8139083385467529, 0.8205128312110901, 0.8185703158378601, 0.8228438496589661, 0.8337218165397644, 0.8321678042411804, 0.8453768491744995, 0.8344988226890564, 0.8508158326148987, 0.8422688245773315, 0.8449883460998535, 0.8648018836975098, 0.8539238572120667], "stone_loss": [2.5936660766601562, 1.3407378196716309, 1.055546760559082, 0.9280705451965332, 0.8504942059516907, 0.718633234500885, 0.7186452150344849, 0.6878387331962585, 0.5909189581871033, 0.5760664343833923, 0.575086772441864, 0.549676239490509, 0.5548922419548035, 0.5021824240684509, 0.5074890851974487, 0.48037147521972656, 0.47790512442588806, 0.4863274097442627, 0.4523702561855316, 0.45639705657958984, 0.43588754534721375, 0.42941635847091675, 0.42412206530570984, 0.3912268280982971, 0.4046083390712738], "val_auth_accuracy": [0.8928571343421936, 0.8928571343421936, 0.9254658222198486, 0.9223602414131165, 0.9270186424255371, 0.9347826242446899, 0.9503105878829956, 0.9503105878829956, 0.9503105878829956, 0.9503105878829956, 0.9518633484840393, 0.9503105878829956, 0.945652186870575, 0.945652186870575, 0.9549689292907715, 0.9534161686897278, 0.9518633484840393, 0.9503105878829956, 0.9363353848457336, 0.9549689292907715, 0.9642857313156128, 0.9487577676773071, 0.9642857313156128, 0.9518633484840393, 0.9549689292907715], "val_auth_loss": [0.3833899199962616, 0.255182147026062, 0.23693373799324036, 0.20425142347812653, 0.18042898178100586, 0.20785821974277496, 0.16454538702964783, 0.14492258429527283, 0.16222570836544037, 0.15537907183170319, 0.1511712670326233, 0.12704572081565857, 0.1657673567533493, 0.15852315723896027, 0.12626898288726807, 0.13661320507526398, 0.143782377243042, 0.13333749771118164, 0.14832739531993866, 0.11372614651918411, 0.1060991957783699, 0.14995785057544708, 0.10829652100801468, 0.14032909274101257, 0.12445206940174103], "val_loss": [1.5279948711395264, 0.9673516154289246, 0.8122250437736511, 0.6867859959602356, 0.648774266242981, 0.6543906331062317, 0.6060258150100708, 0.6037927865982056, 0.6150740385055542, 0.6062673330307007, 0.5587612986564636, 0.5511307120323181, 0.588289737701416, 0.5512047410011292, 0.509899377822876, 0.5450862646102905, 0.7206728458404541, 0.4829064607620239, 0.6779002547264099, 0.4580383896827698, 0.4626220762729645, 0.5781616568565369, 0.4534699320793152, 0.48710504174232483, 0.48034393787384033], "val_origin_accuracy": [0.8897515535354614, 0.9472049474716187, 0.9472049474716187, 0.9549689292907715, 0.9534161686897278, 0.9549689292907715, 0.9518633484840393, 0.9518633484840393, 0.9503105878829956, 0.9534161686897278, 0.9534161686897278, 0.9518633484840393, 0.9518633484840393, 0.9518633484840393, 0.9704968929290771, 0.9503105878829956, 0.9161490797996521, 0.9642857313156128, 0.9642857313156128, 0.967391312122345, 0.9611801505088806, 0.9285714030265808, 0.9658384919166565, 0.9642857313156128, 0.9658384919166565], "val_origin_loss": [0.36087292432785034, 0.19434590637683868, 0.19039268791675568, 0.18029072880744934, 0.1712975651025772, 0.15873944759368896, 0.16715602576732635, 0.1592666506767273, 0.176234632730484, 0.14224304258823395, 0.17676638066768646, 0.138175830245018, 0.1348831057548523, 0.15715910494327545, 0.13630691170692444, 0.1315394937992096, 0.40346062183380127, 0.12361140549182892, 0.1403982788324356, 0.11670660227537155, 0.12036637961864471, 0.18752418458461761, 0.11944027990102768, 0.13838405907154083, 0.13517695665359497], "val_stone_accuracy": [0.7515528202056885, 0.8167701959609985, 0.8524844646453857, 0.8493788838386536, 0.909937858581543, 0.850931704044342, 0.8897515535354614, 0.8260869383811951, 0.8959627151489258, 0.8229813575744629, 0.899068295955658, 0.8276397585868835, 0.8260869383811951, 0.9145962595939636, 0.9363353848457336, 0.8152173757553101, 0.9161490797996521, 0.9161490797996521, 0.8291925191879272, 0.9177018404006958, 0.9052795171737671, 0.9083850979804993, 0.8385093212127686, 0.9177018404006958, 0.9068322777748108], "val_stone_loss": [1.0040686130523682, 0.651951253414154, 0.5111713409423828, 0.4153197407722473, 0.4015735983848572, 0.39680036902427673, 0.37225088477134705, 0.3896811604499817, 0.37601232528686523, 0.39641016721725464, 0.3276444673538208, 0.3644135892391205, 0.37626081705093384, 0.3307279646396637, 0.327334463596344, 0.3556281626224518, 0.3354834318161011, 0.3021988868713379, 0.4755631387233734, 0.2967287600040436, 0.3045556843280792, 0.34249064326286316, 0.2940988540649414, 0.290762722492218, 0.2991105318069458]}